{
	"pattrstorage" : 	{
		"name" : "string_demo_preset",
		"slots" : 		{
			"1" : 			{
				"id" : 1,
				"data" : 				{
					"brightness" : [ 0.643983614554528 ],
					"connect_pluck_pickup" : [ 1 ],
					"decay" : [ 0.753673835125448 ],
					"live.gain~" : [ -16.0 ],
					"master_mute" : [ 0 ],
					"noise_burst_time" : [ 25.0 ],
					"note_trigger_time" : [ 250 ],
					"pickup_pos1" : [ 0.29423037507686 ],
					"pickup_pos2" : [ 0.70576962492314 ],
					"pluck_pos" : [ 0.29423037507686 ]
				}

			}

		}

	}

}
