{
	"hall1" : 	{
		"center" : -0.060527135352248,
		"low" : -0.618768334388733
	}
,
	"hall2" : 	{
		"center" : 0.00202579454037,
		"low" : -0.552297174930573
	}

}
