{
	"hall1" : 	{
		"center" : -0.002310057467226,
		"low" : -0.528836727142334
	}
,
	"hall2" : 	{
		"center" : -0.057429989915865,
		"low" : -0.577712595462799
	}

}
