{
	"hall1" : 	{
		"center" : -0.055963370770154,
		"low" : -0.601173043251038
	}
,
	"hall2" : 	{
		"center" : 0.00308038905778,
		"low" : -0.626588463783264
	}

}
