{
	"hall1" : 	{
		"center" : -0.056700987356721,
		"low" : -0.612903237342834
	}
,
	"hall2" : 	{
		"center" : 0.002147360356944,
		"low" : -0.542521953582764
	}

}
