{
	"hall1" : 	{
		"center" : -0.057952218710501,
		"low" : -0.608993172645569
	}
,
	"hall2" : 	{
		"center" : -0.003419826559995,
		"low" : -0.618768334388733
	}

}
