{
	"hall1" : 	{
		"center" : -0.060886523503729,
		"low" : -0.487781047821045
	}
,
	"hall2" : 	{
		"center" : -0.001019858514424,
		"low" : -0.542521953582764
	}

}
