{
	"hall1" : 	{
		"center" : -0.059478891708823,
		"low" : -0.513196468353271
	}
,
	"hall2" : 	{
		"center" : 0.001563436330761,
		"low" : -0.540566921234131
	}

}
