{
	"hall1" : 	{
		"center" : -0.057527194144871,
		"low" : -0.6168133020401
	}
,
	"hall2" : 	{
		"center" : -0.001236424631771,
		"low" : -0.421309888362885
	}

}
