{
	"hall1" : 	{
		"center" : -0.027339593503026,
		"low" : -0.028347969055176
	}
,
	"hall2" : 	{
		"center" : 0.036708137561795,
		"low" : 0.036168098449707
	}

}
