{
	"mpu1" : 	{
		"x" : 		{
			"low" : -5.228001594543457,
			"high" : 6.104475975036621,
			"center" : 0.013474782004399
		}
,
		"y" : 		{
			"center" : 0.000909641330062,
			"high" : 2.417552471160889,
			"low" : -3.124603033065796
		}
,
		"z" : 		{
			"center" : -0.25763272951215,
			"high" : 4.48011589050293,
			"low" : -5.220268726348877
		}

	}
,
	"mpu2" : 	{
		"x" : 		{
			"low" : -17.618597030639648,
			"high" : 4.805845737457275,
			"center" : -0.00820645146769
		}
,
		"y" : 		{
			"center" : -0.013340021596568,
			"high" : 2.055948257446289,
			"low" : -1.342825889587402
		}
,
		"z" : 		{
			"center" : 45.484775732982826,
			"high" : 49.298690795898438,
			"low" : 41.801158905029297
		}

	}

}
