{
	"mpu1" : 	{
		"x" : 		{
			"low" : -5.092003345489502,
			"high" : 5.148769378662109,
			"center" : -0.036106306827784
		}
,
		"y" : 		{
			"center" : -0.495039175755915,
			"high" : 2.270948648452759,
			"low" : -1.882512331008911
		}
,
		"z" : 		{
			"center" : 1.616518336934565,
			"high" : 5.957406044006348,
			"low" : -2.852392435073853
		}

	}
,
	"mpu2" : 	{
		"x" : 		{
			"low" : -3.93394660949707,
			"high" : 3.657090187072754,
			"center" : -0.020431877220382
		}
,
		"y" : 		{
			"center" : 0.115845997194056,
			"high" : 0.868814527988434,
			"low" : -1.307846903800964
		}
,
		"z" : 		{
			"center" : -6.934465881145191,
			"high" : -3.599858283996582,
			"low" : -9.948110580444336
		}

	}

}
