{
	"mpu1" : 	{
		"x" : 		{
			"low" : -3.640874862670898,
			"high" : 4.683947086334229,
			"center" : 0.460787524097142
		}
,
		"y" : 		{
			"center" : -0.077274793877477,
			"high" : 0.272162914276123,
			"low" : -2.171985626220703
		}
,
		"z" : 		{
			"center" : 3.718027910203424,
			"high" : 7.558605670928955,
			"low" : -0.055966153740883
		}

	}
,
	"mpu2" : 	{
		"x" : 		{
			"low" : -3.197356224060059,
			"high" : 4.031925201416016,
			"center" : 0.432294362793517
		}
,
		"y" : 		{
			"center" : -0.701457463444389,
			"high" : 0.910939753055573,
			"low" : -0.886134684085846
		}
,
		"z" : 		{
			"center" : 1.387729058511769,
			"high" : 4.593047142028809,
			"low" : -1.806470394134521
		}

	}

}
