{
	"mpu1" : 	{
		"x" : 		{
			"low" : -4.419449329376221,
			"high" : 4.87687873840332,
			"center" : 0.060559779806122
		}
,
		"z" : 303.339965035294426
	}
,
	"mpu2" : 	{
		"x" : 		{
			"low" : -3.707980871200562,
			"high" : 3.878544330596924,
			"center" : 0.096750178319742
		}
,
		"z" : -9.725846374848761
	}

}
