{
	"mpu1" : 	{
		"x" : 		{
			"low" : -4.669041156768799,
			"high" : 4.250985622406006,
			"center" : -0.017603169557169
		}
,
		"y" : 		{
			"center" : 0.168446526802368,
			"high" : 1.273419857025146,
			"low" : -0.437163144350052
		}
,
		"z" : 		{
			"center" : 100.020709917663623,
			"high" : 104.539909362792969,
			"low" : 96.249595642089844
		}

	}
,
	"mpu2" : 	{
		"x" : 		{
			"low" : -4.43593168258667,
			"high" : 3.921801567077637,
			"center" : -0.029037608013192
		}
,
		"y" : 		{
			"center" : 0.201900574373223,
			"high" : 0.631029784679413,
			"low" : -1.050756812095642
		}
,
		"z" : 		{
			"center" : 3.573402723871676,
			"high" : 7.210089683532715,
			"low" : -0.189541578292847
		}

	}

}
