{
	"mpu1" : 	{
		"x" : 		{
			"low" : -4.703949928283691,
			"high" : 4.978075981140137,
			"center" : -0.062040116123163
		}
,
		"y" : 		{
			"center" : 0.401884144016459,
			"high" : 0.252837270498276,
			"low" : -3.018970966339111
		}
,
		"z" : 		{
			"center" : 17.063774472651101,
			"high" : 23.970613479614258,
			"low" : 13.104869842529297
		}

	}
,
	"mpu2" : 	{
		"x" : 		{
			"low" : -2.707773208618164,
			"high" : 2.897236585617065,
			"center" : 0.073381890334463
		}
,
		"y" : 		{
			"center" : -0.008626281726074,
			"high" : 1.662994146347046,
			"low" : -0.214336544275284
		}
,
		"z" : 		{
			"center" : 11.807912434878851,
			"high" : 15.53078556060791,
			"low" : 8.392507553100586
		}

	}

}
