{
	"pattrstorage" : 	{
		"name" : "snaar_preset1",
		"slots" : 		{
			"1" : 			{
				"id" : 1,
				"data" : 				{
					"detune" : [ 0.0 ],
					"fb_invert" : [ 1 ],
					"feedback" : [ 0.915384615384615 ],
					"harmonic" : [ 1.015384615384615 ],
					"harmonic_amplitudes" : [ 1.0, 1.0, 1.0, 1.0, 1.0, 1.0, 1.0, 1.0, 1.0, 1.0 ],
					"lowpass_freq" : [ 0.93939205955335 ],
					"mc.live.gain~" : [ -12.029283529641447 ],
					"pickup1" : [ 0.103574763238629 ],
					"pickup2" : [ 0.915899693210618 ],
					"string_freq" : [ 0.347766749379653 ]
				}

			}
,
			"2" : 			{
				"id" : 2,
				"data" : 				{
					"detune" : [ 0.5 ],
					"fb_invert" : [ 1 ],
					"feedback" : [ 0.956389578163772 ],
					"harmonic" : [ 0.0 ],
					"harmonic_amplitudes" : [ 1.0, 1.0, 1.0, 1.0, 1.0, 1.0, 1.0, 1.0, 1.0, 1.0 ],
					"lowpass_freq" : [ 0.852915632754342 ],
					"mc.live.gain~" : [ -12.029283529641447 ],
					"pickup1" : [ 0.080098706149126 ],
					"pickup2" : [ 0.878017873816193 ],
					"string_freq" : [ 0.318858560794045 ]
				}

			}
,
			"3" : 			{
				"id" : 3,
				"data" : 				{
					"detune" : [ 0.786476426799007 ],
					"fb_invert" : [ 1 ],
					"feedback" : [ 0.956389578163772 ],
					"harmonic" : [ 0.0 ],
					"harmonic_amplitudes" : [ 1.0, 1.0, 1.0, 1.0, 1.0, 1.0, 1.0, 1.0, 1.0, 1.0 ],
					"lowpass_freq" : [ 1.0 ],
					"mc.live.gain~" : [ -12.029283529641447 ],
					"pickup1" : [ 0.080098706149126 ],
					"pickup2" : [ 0.954248366013072 ],
					"string_freq" : [ 0.112903225806452 ]
				}

			}

		}

	}

}
