{
	"pattrstorage" : 	{
		"name" : "snaar_4presets",
		"slots" : 		{
			"1" : 			{
				"id" : 1,
				"data" : 				{
					"detune" : [ 0.219354838709677 ],
					"feedback" : [ 1.0 ],
					"harmonic" : [ 0.0 ],
					"harmonic_amplitudes" : [ 0.0, 1.0, 0.0, 1.0, 0.0, 1.0, 0.0, 1.0, 0.0, 1.0, 0.0, 1.0, 0.0, 1.0, 0.0, 1.0, 0.0, 1.0, 0.0, 0.0 ],
					"lowpass_freq" : [ 0.908684863523573 ],
					"mc.live.gain~" : [ -12.029283529641447 ],
					"pickup1" : [ 0.301920768307323 ],
					"pickup2" : [ 0.705548886221155 ],
					"string_freq" : [ 0.424764267990074 ]
				}

			}
,
			"2" : 			{
				"id" : 2,
				"data" : 				{
					"detune" : [ 0.0 ],
					"feedback" : [ 1.0 ],
					"harmonic" : [ 1.0 ],
					"harmonic_amplitudes" : [ 0.0, 0.0, 0.426829268292683, 1.0, 0.0, 1.0, 1.0, 0.0, 1.0, 0.0, 0.969512195121951, 0.0, 1.0, 0.0, 0.0, 0.0, 0.0, 0.0, 0.0, 0.0 ],
					"lowpass_freq" : [ 0.876178660049628 ],
					"mc.live.gain~" : [ -12.029283529641447 ],
					"pickup1" : [ 0.143190609577164 ],
					"pickup2" : [ 0.884953981592637 ],
					"string_freq" : [ 0.346650124069479 ]
				}

			}
,
			"3" : 			{
				"id" : 3,
				"data" : 				{
					"detune" : [ 0.2924317617866 ],
					"feedback" : [ 0.1 ],
					"harmonic" : [ 0.0 ],
					"harmonic_amplitudes" : [ 1.0, 1.0, 1.0, 1.0, 1.0, 1.0, 1.0, 1.0, 1.0, 1.0, 0.981707317073171, 0.945121951219512, 0.932926829268293, 0.939024390243902, 0.957317073170732, 0.975609756097561, 0.98780487804878, 0.98780487804878, 0.981707317073171, 0.945121951219512 ],
					"lowpass_freq" : [ 0.89863523573201 ],
					"mc.live.gain~" : [ -12.029283529641447 ],
					"pickup1" : [ 0.531746031746032 ],
					"pickup2" : [ 0.652594371081766 ],
					"string_freq" : [ 0.0 ]
				}

			}
,
			"4" : 			{
				"id" : 4,
				"data" : 				{
					"detune" : [ 0.532382133995037 ],
					"feedback" : [ 0.958560794044665 ],
					"harmonic" : [ 0.0 ],
					"harmonic_amplitudes" : [ 1.0, 1.0, 1.0, 1.0, 1.0, 1.0, 1.0, 1.0, 1.0, 1.0, 1.0, 1.0, 1.0, 1.0, 1.0, 1.0, 1.0, 1.0, 1.0, 1.0 ],
					"lowpass_freq" : [ 0.89727047146402 ],
					"mc.live.gain~" : [ -12.029283529641445 ],
					"pickup1" : [ 0.317527010804322 ],
					"pickup2" : [ 0.756635987728425 ],
					"string_freq" : [ 0.249627791563275 ]
				}

			}

		}

	}

}
